"","ko.K00008","ko.K00011","ko.K00016","ko.K00020","ko.K00027","ko.K00029","ko.K00108","ko.K00111","ko.K00128","ko.K00161","ko.K00162","ko.K00166","ko.K00167","ko.K00261","ko.K00275","ko.K00281","ko.K00286","ko.K00287","ko.K00294","ko.K00318","ko.K00382","ko.K00383","ko.K00432","ko.K00453","ko.K00457","ko.K00472","ko.K00500","ko.K00600","ko.K00605","ko.K00611","ko.K00613","ko.K00639","ko.K00643","ko.K00757","ko.K00758","ko.K00760","ko.K00764","ko.K00772","ko.K00789","ko.K00814","ko.K00819","ko.K00820","ko.K00826","ko.K00830","ko.K00846","ko.K00857","ko.K00864","ko.K00868","ko.K00876","ko.K00933","ko.K00949","ko.K00999","ko.K01027","ko.K01425","ko.K01469","ko.K01476","ko.K01556","ko.K01580","ko.K01581","ko.K01583","ko.K01590","ko.K01647","ko.K01679","ko.K01681","ko.K01697","ko.K01745","ko.K01755","ko.K01758","ko.K01885","ko.K01907","ko.K01915","ko.K01937","ko.K01951","ko.K01953","ko.K01958","ko.K03783","ko.K04487","ko.K09680","ko.K11529","ko.K13051","ko.K13990","ko.K18310"
"Pauljensenia n.sp. 20925_1_25",1,0,1,0,0,0,0,1,0,1,1,0,0,1,0,0,1,1,0,0,1,0,0,0,0,0,0,1,1,0,0,0,0,0,1,1,1,1,1,0,0,1,1,0,0,0,1,0,0,0,1,1,0,0,0,0,0,0,0,0,0,0,1,0,0,0,1,1,1,0,1,1,1,0,0,1,1,0,0,0,0,0
"Actinomyces naeslundii 27098_8_156",1,0,1,0,1,0,0,1,0,0,0,0,0,1,0,0,1,1,0,0,1,0,0,0,0,0,0,1,1,1,1,0,0,0,1,1,1,1,1,0,0,1,1,0,0,1,1,1,1,0,0,1,0,0,0,1,0,0,0,0,0,1,1,1,0,0,1,0,1,0,1,1,1,1,0,1,1,0,0,0,0,0
"Actinomyces oris 27098_8_157",1,0,1,0,1,0,0,1,1,0,0,0,0,1,0,1,1,1,0,0,1,0,0,0,0,0,0,1,1,1,1,0,0,0,1,1,1,1,1,0,0,1,1,0,0,1,1,1,1,0,0,1,0,0,0,0,0,0,0,0,0,1,1,1,0,0,1,0,1,0,1,0,1,1,0,1,1,0,0,0,0,0
"Niallia circulans 27098_8_36",1,0,1,1,1,0,0,1,1,1,1,1,1,1,1,1,1,1,1,1,1,0,1,0,0,0,0,1,1,1,0,0,0,0,1,1,1,1,1,0,1,1,1,1,0,1,1,1,1,1,1,0,0,1,1,1,0,1,1,1,0,1,0,1,0,0,1,1,1,0,1,1,1,1,0,1,1,0,0,0,0,0
"Cupriavidus gilardii 27098_8_120",1,1,1,1,1,1,1,1,1,0,1,0,0,1,1,1,1,1,1,0,1,1,1,1,1,1,1,1,1,1,0,0,0,0,0,1,1,0,1,1,1,1,1,1,1,0,1,0,0,0,0,0,1,0,1,1,1,0,0,0,0,1,1,1,0,1,1,1,1,1,1,1,1,1,0,0,1,0,1,1,0,0
"Cutibacterium acnes 20925_1_38",1,0,1,0,1,0,0,1,0,1,1,0,0,1,0,1,1,1,0,1,1,1,0,0,0,0,0,1,1,1,1,1,0,0,1,1,1,0,1,0,0,1,1,0,0,1,1,1,1,0,0,1,0,0,1,0,0,0,0,0,0,1,1,1,0,1,1,0,1,0,1,1,1,0,1,1,1,0,0,1,0,0
"Cutibacterium acnes 20925_1_68",1,0,1,0,1,0,0,1,0,1,1,0,0,1,0,1,1,1,0,1,1,1,0,0,0,0,0,1,1,1,1,1,0,0,1,1,1,0,1,0,0,1,1,0,0,1,1,1,1,0,0,1,0,0,1,0,0,0,0,0,0,1,1,1,0,1,1,0,1,0,1,1,1,0,1,1,1,0,0,1,0,0
"Fusobacterium periodonticum 27098_8_131",0,0,0,0,1,0,0,1,1,0,0,0,0,1,0,0,0,1,0,0,0,0,1,0,0,0,0,0,0,0,0,0,0,0,0,1,1,1,1,0,0,1,1,0,0,1,1,1,0,0,1,0,1,1,0,1,0,1,0,0,0,0,0,1,0,1,0,0,1,0,1,0,1,0,0,0,1,0,0,0,1,0
"Fusobacterium n.sp. 27098_8_59",0,0,0,0,1,0,0,1,1,0,0,0,0,1,0,0,0,1,0,0,0,0,1,0,0,0,0,0,0,0,0,0,0,0,0,1,1,1,1,0,0,1,1,0,0,1,1,1,0,0,1,0,1,1,0,1,0,0,0,0,0,0,0,0,0,1,0,0,1,0,1,0,1,0,0,0,1,0,0,0,1,0
"Gemella n.sp. 20925_1_85",0,0,1,1,0,0,0,0,0,1,1,0,0,1,0,0,1,1,0,0,1,1,0,0,0,0,0,1,0,0,0,0,0,0,1,1,1,1,1,0,0,1,1,0,0,1,1,0,1,0,1,0,0,0,0,0,0,0,1,0,0,0,0,0,0,0,0,0,1,0,1,1,1,0,0,1,1,0,0,0,0,0
"Gemella n.sp. 27098_8_149",0,0,1,1,0,0,0,0,0,1,1,0,0,1,0,0,1,1,0,0,1,1,0,0,0,0,0,1,0,0,0,0,0,0,1,1,1,1,1,0,0,1,1,0,0,1,1,0,1,0,1,0,0,0,0,0,0,0,1,0,0,0,0,0,0,0,0,0,1,0,1,1,1,0,0,1,1,0,0,0,0,0
"Gemella n.sp. 27098_8_155",0,0,1,1,1,0,0,0,1,1,1,1,0,1,0,0,1,1,0,0,1,1,0,0,0,0,0,1,0,0,0,0,0,0,1,1,1,1,1,0,0,1,1,0,0,1,1,0,1,0,1,0,0,0,0,0,0,0,1,0,0,0,0,0,0,0,0,0,1,0,1,1,1,0,0,1,1,0,0,0,0,0
"Gemella n.sp. 27098_8_92",1,0,1,1,1,0,0,0,1,1,1,0,0,1,0,0,1,1,0,0,1,1,0,0,0,0,0,1,0,0,0,0,0,0,1,1,1,1,1,0,0,1,1,0,0,1,1,0,1,0,1,0,0,0,0,0,0,0,1,0,0,0,0,0,0,0,0,0,1,0,1,1,1,0,0,1,1,0,0,0,0,0
"Gemella sanguinis_ 20925_1_41",1,0,1,1,1,0,0,0,1,1,1,0,0,1,0,0,1,1,0,0,1,1,0,0,0,0,0,0,0,0,0,0,0,0,1,1,1,1,1,0,0,1,1,0,0,1,1,0,1,0,1,0,0,0,0,0,0,0,1,0,0,0,0,0,0,0,0,0,1,0,1,1,1,0,0,1,1,0,0,0,0,0
"Gemella sanguinis 20925_1_65",1,0,1,1,1,0,0,0,1,1,1,0,0,1,0,0,1,1,0,0,1,1,0,0,0,0,0,1,0,0,0,0,0,1,1,1,1,1,1,0,0,1,1,0,0,1,1,0,1,0,1,0,0,0,0,0,0,0,1,0,0,0,0,0,0,0,0,0,1,0,1,1,1,0,0,1,1,0,0,0,0,0
"Gemella sanguinis 20925_1_66",1,0,1,1,1,0,0,0,1,1,1,0,0,1,0,0,1,1,0,0,1,1,0,0,0,0,0,1,0,0,0,0,0,0,1,1,1,1,1,0,0,1,1,0,0,1,1,0,1,0,1,0,0,0,0,0,0,0,1,0,0,0,0,0,0,0,0,0,1,0,1,1,1,0,0,1,1,0,0,0,0,0
"Gemella sanguinis 27098_8_105",1,0,1,1,1,0,0,0,1,1,1,0,0,1,0,0,1,1,0,0,1,1,0,0,0,0,0,1,0,0,0,0,0,0,1,1,1,1,1,0,0,1,1,0,0,1,1,0,1,0,1,0,0,0,0,0,0,0,1,0,0,0,0,0,0,0,0,0,1,0,1,1,1,0,0,1,1,0,0,0,0,0
"Gemella sanguinis 27098_8_106",1,0,1,1,1,0,0,0,1,1,1,0,0,1,0,0,1,1,0,0,1,1,0,0,0,0,0,1,0,0,0,0,0,0,1,1,1,1,1,0,0,1,1,0,0,1,1,0,1,0,1,0,0,0,0,0,0,0,1,0,0,0,0,0,0,0,0,0,1,0,1,1,1,0,0,1,1,0,0,0,0,0
"Granulicatella adiacens 20925_1_19",0,0,1,1,1,0,0,0,0,1,1,1,0,0,0,0,0,1,0,0,1,1,1,0,0,0,0,1,0,0,0,0,0,1,0,1,0,1,1,0,0,1,1,0,0,1,0,1,1,0,1,0,0,0,0,0,0,0,0,0,0,0,0,0,0,0,0,0,1,0,1,0,1,0,0,1,1,0,0,1,0,0
"Granulicatella n.sp. 20925_1_28",0,0,1,1,1,0,0,0,0,1,1,1,0,0,0,0,0,1,0,0,1,1,1,0,0,0,0,1,0,0,0,0,0,1,0,1,0,1,1,0,0,1,1,0,0,1,0,1,1,0,1,0,0,0,0,0,0,0,0,0,0,0,0,0,0,0,0,0,1,0,1,0,1,0,0,1,1,0,0,1,0,0
"Granulicatella n.sp. 20925_1_45",0,0,1,1,1,0,0,0,0,1,1,1,0,0,0,0,0,1,0,0,1,1,1,0,0,0,0,1,0,0,0,0,0,1,0,1,0,1,1,0,0,1,1,0,0,1,0,1,1,0,1,0,0,0,0,0,0,0,0,0,0,0,0,0,0,0,0,0,1,0,1,0,1,0,0,1,1,0,0,1,0,0
"Haemophilus parahaemolyticus 27098_8_141",0,0,0,0,1,1,0,0,0,0,0,0,0,0,1,0,1,1,0,0,1,1,0,0,0,0,0,1,0,1,0,0,0,1,0,1,1,1,1,1,0,1,1,0,0,1,0,1,1,0,0,0,0,0,0,0,0,0,0,0,0,0,1,0,0,0,1,0,1,0,1,1,1,0,0,0,1,0,0,0,0,1
"Haemophilus n.sp. 27098_8_127",0,0,0,0,1,1,0,1,0,0,0,0,0,0,1,0,1,1,0,0,1,1,0,0,0,0,0,1,0,1,0,0,0,1,0,1,1,1,1,1,0,1,1,0,0,1,1,1,1,0,0,0,0,0,0,0,0,0,1,0,0,0,1,0,0,0,1,0,1,0,1,1,1,0,0,0,1,0,0,0,0,1
"Haemophilus parainfluenzae 27098_8_33",0,0,0,0,1,1,0,1,1,0,0,0,0,0,1,0,1,1,0,0,1,1,0,0,0,0,0,1,0,1,0,0,0,1,0,1,1,1,1,1,0,1,1,0,0,1,1,1,1,0,0,0,0,0,0,0,0,0,1,0,0,0,1,0,0,0,1,0,1,0,1,1,1,0,0,0,1,0,0,0,0,1
"Haemophilus paraphrohaemolyticus 27098_8_118",0,0,0,0,1,1,0,0,0,0,0,0,0,0,1,0,1,1,0,0,1,1,0,0,0,0,0,1,0,1,0,0,0,1,0,1,1,1,1,1,0,1,1,0,0,1,0,1,1,0,0,0,0,0,0,0,0,0,0,0,0,0,1,0,0,0,1,0,1,0,1,1,1,0,0,0,1,0,0,0,0,1
"Haemophilus sputorum 20925_1_15",0,0,0,1,1,1,0,0,0,0,0,0,0,0,1,0,1,1,1,0,1,1,0,0,0,0,0,1,0,1,0,0,0,1,0,1,1,1,1,1,0,1,1,0,0,1,0,0,1,0,0,0,0,0,0,0,0,0,0,0,0,0,1,0,0,0,1,0,1,0,1,1,1,0,0,0,1,0,0,0,0,1
"Leptotrichia wadei 27098_8_16",0,0,0,0,1,0,0,0,0,1,1,0,0,1,0,0,1,1,0,0,1,0,0,0,0,0,0,1,0,1,0,0,0,0,1,1,1,1,1,0,0,1,1,0,0,1,0,1,1,0,1,0,0,0,0,0,0,0,0,0,0,1,0,1,0,0,1,0,1,0,1,1,1,0,0,0,1,0,0,0,0,0
"Microbacterium paraoxydans 27098_8_129",1,0,1,1,0,0,1,1,1,1,1,0,0,1,1,1,1,1,0,0,1,0,1,1,0,0,0,1,1,1,0,1,0,0,1,1,1,1,1,1,1,1,1,0,0,1,1,1,0,0,0,0,0,1,1,1,1,1,0,0,0,1,1,1,1,1,1,1,1,0,1,1,1,1,1,1,1,0,0,0,1,1
"Micrococcus luteus 20925_1_46",1,1,1,1,0,0,1,1,1,1,1,0,0,1,1,1,1,1,0,0,1,0,0,0,0,0,0,1,1,1,0,0,0,0,1,1,1,0,1,1,0,1,1,0,0,1,1,1,1,0,0,1,0,1,0,0,0,0,0,0,0,1,1,1,1,1,1,1,1,0,1,1,1,1,1,1,1,0,0,0,0,1
"Micrococcus luteus 20925_1_52",1,0,1,1,0,0,1,1,1,1,1,0,0,1,1,1,1,1,0,0,1,0,0,0,0,0,0,1,1,1,0,0,0,0,1,1,1,0,1,1,0,1,1,0,0,1,1,1,1,0,0,1,0,1,0,0,0,0,0,0,0,1,1,1,1,1,1,1,1,0,1,1,1,1,1,1,1,0,0,0,0,1
"Micrococcus luteus 20925_1_61",1,1,1,1,0,0,1,1,1,1,1,0,0,1,1,1,1,1,0,0,1,0,0,0,0,0,0,1,1,1,0,0,0,0,1,1,1,0,1,1,0,1,1,0,0,1,1,1,1,0,0,1,0,1,0,0,0,0,0,0,0,1,1,1,1,1,1,1,1,1,1,1,1,1,1,1,1,0,0,0,0,1
"Micrococcus luteus 20925_1_89",1,0,1,1,0,0,1,1,1,1,1,0,0,1,1,1,1,1,0,0,1,0,0,0,0,0,0,1,1,1,0,0,0,0,1,1,1,0,1,1,0,1,1,0,0,1,1,1,1,0,0,1,0,1,0,0,0,0,0,0,0,1,1,1,1,1,1,1,1,0,1,1,1,1,1,1,1,0,0,0,0,1
"Micrococcus luteus 20925_1_90",1,1,1,1,0,0,1,1,1,1,1,0,0,1,1,1,1,1,0,0,1,0,0,0,0,0,0,1,1,1,0,0,0,0,1,1,1,0,1,1,0,1,1,0,0,1,1,1,1,0,0,1,0,1,0,0,0,0,0,0,0,1,1,1,1,1,1,1,1,0,1,1,1,1,1,1,1,0,0,0,0,1
"Micrococcus luteus 20925_1_94",1,0,1,1,0,0,1,1,1,1,1,0,0,1,1,1,1,1,0,0,1,0,0,0,0,0,0,1,1,1,0,0,0,0,1,1,1,0,1,1,0,1,1,0,0,1,1,1,1,0,0,1,0,1,0,0,0,0,0,0,0,1,1,1,1,1,1,1,1,0,1,1,1,1,1,1,1,0,0,0,0,1
"Neisseria flavescens 20925_1_23",1,0,0,0,1,1,0,0,1,0,0,0,0,1,1,1,1,1,1,0,1,0,0,0,0,0,0,1,1,1,0,0,0,0,0,1,1,1,1,1,0,1,1,0,0,0,0,0,1,0,0,0,0,0,0,0,0,0,0,0,0,1,1,1,0,0,1,1,1,0,1,1,1,0,0,0,1,0,1,0,0,0
"Neisseria n.sp. 20925_1_37",1,0,0,0,1,1,0,0,1,0,0,0,0,1,1,1,1,1,1,0,1,0,0,0,0,0,0,1,1,1,0,0,0,0,0,1,1,1,1,1,0,1,1,0,0,0,0,0,1,0,0,0,0,0,0,0,0,0,0,0,0,1,1,1,0,0,1,1,1,0,1,1,1,0,0,0,1,0,1,0,0,0
"Neisseria n.sp. 27098_8_112",1,0,0,0,1,1,0,0,1,0,0,0,0,1,1,1,1,1,1,0,1,0,0,0,0,0,0,1,1,1,0,0,0,0,0,1,1,1,1,1,0,1,1,0,0,0,0,0,1,0,0,0,0,0,0,0,0,0,0,0,0,1,1,1,0,0,1,1,1,0,1,1,1,0,0,0,1,0,1,0,0,0
"Neisseria n.sp. 27098_8_139",1,0,1,0,1,1,0,0,1,0,0,0,0,1,1,1,1,1,1,0,1,0,0,0,0,0,0,1,1,1,0,0,0,0,0,1,1,1,1,1,0,1,1,0,0,0,0,0,0,0,0,0,0,0,0,0,0,0,0,0,0,1,1,1,0,0,1,1,1,0,1,1,1,0,0,0,1,0,1,0,0,0
"Neisseria subflava 27098_8_142",1,0,0,0,1,1,0,0,1,0,0,0,0,1,1,1,1,1,1,0,1,0,0,0,0,0,0,1,1,1,0,0,0,0,0,1,1,1,1,1,0,1,1,0,0,0,0,0,1,0,0,0,0,0,0,0,0,0,0,0,0,1,1,1,0,0,1,1,1,0,1,1,1,0,0,0,1,0,1,0,0,0
"Neisseria n.sp. 27098_8_158",1,0,0,0,1,1,0,0,1,0,0,0,0,1,1,1,1,1,1,0,1,0,0,0,0,0,0,1,1,1,0,0,0,0,0,1,1,1,1,1,0,1,1,0,0,0,0,0,1,0,0,0,0,0,0,0,0,0,0,0,0,1,1,1,0,0,1,1,1,0,1,1,1,0,0,0,1,0,1,0,0,0
"Prevotella histicola 20925_1_16",0,0,0,0,1,1,0,1,0,0,0,0,0,0,0,1,0,1,0,0,1,0,1,0,0,0,0,1,1,0,0,1,0,1,0,1,1,0,1,0,0,1,1,0,0,1,1,1,1,0,1,0,0,0,0,0,0,0,0,0,0,0,0,0,0,1,0,0,1,0,1,1,1,0,0,1,0,1,0,0,1,0
"Prevotella jejuni 20925_1_32",0,0,0,0,1,1,0,0,0,0,0,0,0,0,0,1,0,1,0,0,1,0,1,0,0,0,0,1,1,0,0,1,0,1,0,1,1,0,1,0,0,1,1,0,0,1,0,1,1,0,1,0,0,0,0,0,0,0,0,0,0,0,0,0,0,1,0,0,1,0,1,1,1,0,0,1,0,1,0,0,1,0
"Prevotella jejuni 27098_8_125",0,0,0,0,1,1,0,0,0,0,0,0,0,0,0,1,0,1,0,0,1,0,1,0,0,0,0,1,1,0,0,1,0,1,0,1,1,0,1,0,0,1,1,0,0,1,0,1,1,0,1,0,0,0,0,0,0,0,0,0,0,0,0,0,0,1,0,0,1,0,1,1,1,0,0,1,0,1,0,0,1,0
"Prevotella melaninogenica 27098_8_100",0,0,0,0,1,1,0,0,0,0,0,0,0,0,0,1,0,1,0,0,1,0,1,0,0,0,0,1,1,0,0,1,0,1,0,1,1,0,1,0,0,1,1,0,0,1,0,1,1,0,1,0,0,0,0,0,0,0,0,0,0,0,0,0,0,1,0,0,1,0,1,1,1,0,0,1,0,1,0,0,1,0
"Prevotella nigrescens 27098_8_132",0,0,0,0,1,1,0,0,0,0,0,0,0,0,0,1,0,1,0,0,1,0,1,0,0,0,0,1,1,0,0,1,0,1,0,1,1,0,1,0,0,1,1,0,0,1,0,0,1,0,1,0,0,0,0,0,0,0,0,0,0,0,0,0,0,1,0,0,1,0,1,1,1,0,0,1,0,1,0,0,1,0
"Prevotella pallens 20925_1_50",0,0,0,0,1,1,0,0,0,0,0,0,0,0,0,1,0,1,0,0,1,0,1,0,0,0,0,1,1,0,0,1,0,1,0,1,1,0,1,0,0,1,1,0,0,1,0,1,1,0,1,0,0,0,0,0,0,0,0,0,0,0,0,0,0,1,0,0,1,0,1,1,1,0,0,1,0,1,0,0,1,0
"Prevotella salivae 20925_1_83",0,0,0,0,1,1,0,1,0,0,0,0,0,0,0,0,0,1,0,0,0,0,1,0,0,0,0,1,0,0,0,1,0,1,0,1,1,0,1,0,0,0,1,0,0,1,1,1,1,0,1,0,0,0,0,0,0,0,0,0,0,0,0,0,0,0,0,0,1,0,1,1,1,0,0,1,0,1,0,0,0,0
"Prevotella n.sp. 20925_1_30",0,0,0,0,1,1,0,0,0,0,0,0,0,0,0,1,0,1,0,0,1,0,1,0,0,0,0,1,1,0,0,1,0,1,0,1,1,0,1,0,0,1,1,0,0,1,0,1,1,0,1,0,0,0,0,0,0,0,0,0,0,0,0,0,0,0,0,0,1,0,1,1,1,0,0,1,0,1,0,0,0,0
"Rothia aeria 27098_8_182",1,0,1,0,0,0,0,1,1,1,1,0,0,0,0,1,1,1,0,0,1,1,0,0,0,0,0,1,1,0,0,0,0,0,0,1,1,0,1,1,0,1,1,0,0,0,1,1,1,0,0,0,0,1,0,0,0,0,0,0,0,0,1,0,0,0,0,0,1,0,1,1,1,1,1,0,1,0,0,0,0,0
"Rothia dentocariosa 27098_8_144",1,0,1,0,0,0,0,1,1,1,1,0,0,0,0,1,1,1,0,0,1,1,0,0,0,0,0,1,1,0,0,0,0,0,0,1,1,0,1,1,0,1,1,0,0,0,1,0,1,0,0,0,0,1,0,0,0,0,0,0,0,0,1,0,0,0,0,0,1,0,1,1,1,0,0,0,1,0,0,0,0,0
"Rothia mucilaginosa 27098_8_135",1,0,1,0,0,0,0,1,0,1,1,0,0,0,0,1,1,1,0,0,1,1,0,0,0,0,0,1,1,0,0,0,0,0,0,1,1,0,1,1,0,1,1,0,0,0,1,0,1,0,0,0,0,1,0,0,0,0,0,0,0,0,1,0,0,0,0,0,1,0,1,1,1,0,0,0,1,0,0,0,0,0
"Rothia mucilaginosa 27098_8_136",1,0,1,0,0,0,0,1,0,1,1,0,0,0,0,1,1,1,0,0,1,1,0,0,0,0,0,1,1,0,0,0,0,0,0,1,1,0,1,1,0,1,1,0,0,0,1,0,1,0,0,0,0,1,0,0,0,0,0,0,0,0,1,0,0,0,0,0,1,0,1,1,1,0,0,0,1,0,0,0,0,0
"Rothia mucilaginosa 27098_8_145",1,0,1,0,0,0,0,1,0,1,1,0,0,0,0,1,1,1,0,0,1,1,0,0,0,0,0,1,1,0,0,0,0,0,0,0,1,0,1,1,0,1,1,0,0,0,1,0,1,0,0,0,0,1,0,0,0,0,0,0,0,0,1,0,0,0,0,0,1,0,1,1,1,0,0,0,1,0,0,0,0,0
"Rothia n.sp. 27098_8_161",1,0,1,0,0,0,0,1,0,1,1,0,0,0,0,1,1,1,0,0,1,1,0,0,0,0,0,1,1,0,0,0,0,0,0,1,1,0,1,1,0,1,1,0,0,0,1,0,1,0,0,0,0,1,0,0,0,0,0,0,0,0,1,0,0,0,0,0,1,0,1,1,1,0,0,0,1,0,0,0,0,0
"Rothia mucilaginosa 27098_8_172",1,0,1,0,0,0,0,1,0,1,1,0,0,0,0,1,1,1,0,0,1,1,0,0,0,0,0,1,1,0,0,0,0,0,0,1,1,0,1,1,0,1,1,0,0,0,1,0,1,0,0,0,0,1,0,0,0,0,0,0,0,0,1,0,0,0,0,0,1,0,1,1,1,0,0,0,1,0,0,0,0,0
"Rothia n.sp. 27098_8_27",1,0,1,0,0,0,0,1,0,1,1,0,0,0,0,1,1,1,0,0,1,1,0,0,0,0,0,1,1,0,0,0,0,0,0,1,1,0,1,1,0,1,1,0,0,0,1,0,1,0,0,0,0,1,0,0,0,0,0,0,0,0,1,0,0,0,0,0,1,0,1,1,1,0,0,0,1,0,0,0,0,0
"Rothia n.sp. 27098_8_29",1,0,1,0,0,0,0,1,0,1,1,0,0,0,0,1,1,1,0,0,1,1,0,0,0,0,0,1,1,0,0,0,0,0,0,1,1,0,1,1,0,1,1,0,0,0,1,0,1,0,0,0,0,1,0,0,0,0,0,0,0,0,1,0,0,0,0,0,1,0,1,1,1,0,0,0,1,0,0,0,0,0
"Pauljensenia n.sp. 20925_1_27",1,0,1,0,1,0,0,1,0,1,1,0,0,1,0,0,1,1,0,0,1,0,0,0,0,0,0,1,1,0,0,0,0,0,1,1,1,1,1,0,0,1,1,0,0,0,1,0,0,0,0,1,0,0,0,0,0,0,0,0,0,0,1,0,0,0,1,1,1,0,1,1,1,0,0,1,1,0,0,0,0,0
"Pauljensenia n.sp. 20925_1_34",1,0,1,0,1,0,0,1,0,1,1,0,0,1,0,0,1,1,0,0,1,0,0,0,0,0,0,1,1,0,0,0,0,0,1,1,1,1,1,0,0,1,1,0,0,0,1,0,0,0,0,1,0,0,0,0,0,0,0,0,0,0,1,0,0,0,1,1,1,0,1,0,1,0,0,1,1,0,0,0,0,0
"Pauljensenia n.sp. 20925_1_91",1,0,1,0,1,0,0,1,0,1,1,0,0,1,0,0,1,1,0,0,1,0,0,0,0,0,0,1,1,1,0,0,0,0,1,1,1,1,1,0,0,1,1,0,0,0,1,0,0,0,0,1,0,0,0,0,0,0,0,0,0,0,1,0,0,0,1,1,1,0,1,1,1,0,0,1,1,0,0,0,0,0
"Pauljensenia n.sp. 27098_8_107",0,0,1,0,1,0,0,1,0,1,1,0,0,1,0,0,1,1,0,0,1,0,0,0,0,0,0,1,1,0,0,0,0,0,1,1,1,1,1,0,0,1,1,0,0,0,1,0,0,0,0,1,0,0,0,0,0,0,0,0,0,0,1,0,0,0,1,1,1,0,1,0,1,0,0,1,1,0,0,0,0,0
"Pauljensenia n.sp. 27098_8_83",1,0,1,0,1,0,0,1,0,1,1,0,0,0,0,0,1,1,0,0,1,0,0,0,0,0,0,1,1,0,0,0,0,0,1,1,1,1,1,0,0,1,1,0,0,0,1,0,0,0,1,1,0,0,0,0,0,0,0,0,0,0,1,0,0,0,1,1,1,0,1,1,1,0,0,1,1,0,0,0,0,0
"Staphylococcus aureus 27098_8_159",1,0,1,0,1,0,1,1,1,1,1,1,1,1,1,1,1,1,1,1,1,0,1,0,0,0,0,1,1,1,0,1,0,0,1,1,1,1,1,0,1,1,1,0,0,1,1,1,1,1,1,0,0,0,0,1,0,0,0,1,0,1,1,1,0,1,1,1,1,0,1,1,1,0,1,0,1,1,0,0,0,0
"Staphylococcus capitis 20925_1_63",1,0,1,0,1,0,1,1,1,1,1,1,1,1,1,1,1,1,1,1,1,0,1,0,0,0,0,1,1,1,0,1,1,0,1,1,1,1,1,0,1,1,1,0,0,1,1,1,1,1,1,0,1,0,0,1,0,0,0,1,1,1,1,1,0,1,1,1,1,0,1,1,1,0,1,0,1,1,0,0,0,0
"Staphylococcus capitis 27098_8_44",1,0,1,0,1,0,1,1,1,1,1,1,1,1,1,1,1,1,1,1,1,0,1,0,0,0,0,1,1,1,0,1,0,0,1,1,1,1,1,0,1,1,1,0,0,1,1,1,1,1,1,0,1,0,0,1,0,0,0,1,0,1,1,1,0,1,1,1,1,0,1,1,1,0,1,0,1,1,0,0,0,0
"Staphylococcus epidermidis 20925_1_31",1,0,1,0,1,0,1,1,1,1,1,1,1,1,1,1,1,1,1,1,1,1,1,0,0,0,0,1,1,1,0,0,0,0,1,1,1,1,1,0,1,1,1,0,0,1,1,1,1,1,1,0,0,0,0,0,0,0,0,1,0,1,1,1,0,0,1,1,1,0,1,1,1,0,1,0,1,1,0,0,0,0
"Staphylococcus epidermidis 20925_1_59",1,0,1,0,1,0,1,1,1,1,1,1,1,1,1,1,1,1,1,1,1,1,1,0,0,0,0,1,1,1,0,0,0,0,1,1,1,1,1,0,1,1,1,0,0,1,1,1,1,1,1,0,0,0,0,0,0,0,0,1,0,1,1,1,0,0,1,1,1,0,1,1,1,0,1,0,1,1,0,0,0,0
"Streptococcus chosunense 27098_8_53",1,0,1,0,0,0,0,1,0,1,1,0,0,0,0,0,1,1,0,0,1,1,1,0,0,0,0,1,0,0,0,0,0,1,1,1,1,1,1,1,0,1,1,0,0,1,1,1,1,0,1,0,0,0,0,0,0,0,0,0,0,0,0,0,0,0,0,0,1,0,1,1,1,0,0,1,1,0,0,0,0,0
"Streptococcus n.sp. 27098_8_86",1,0,1,0,0,0,0,1,0,1,1,0,0,0,0,0,1,1,0,0,1,1,1,0,0,0,0,1,0,0,0,0,0,1,1,1,1,1,1,1,0,1,1,0,0,1,1,1,1,0,1,0,0,0,0,0,0,0,0,0,0,0,0,0,0,0,0,0,1,0,1,1,1,0,0,1,1,0,0,0,0,0
"Streptococcus constellatus 20925_1_21",1,0,1,0,0,0,0,0,0,1,1,0,0,0,0,0,0,1,0,0,1,1,0,0,0,0,0,1,0,1,0,0,0,1,1,1,1,1,1,1,0,1,1,0,0,1,1,1,1,0,1,0,1,0,0,0,0,0,0,0,0,0,0,0,0,0,0,0,1,0,1,1,1,0,0,1,1,0,0,0,0,0
"Streptococcus n.sp. 27098_8_113",1,0,1,0,0,0,0,1,0,1,1,0,0,0,0,0,1,1,0,0,1,1,0,0,0,0,0,1,0,1,0,0,0,1,1,1,1,1,1,1,0,1,1,0,0,1,1,1,1,0,1,0,1,0,0,0,0,0,0,0,0,0,0,0,0,1,0,0,1,0,1,0,1,0,0,1,1,0,0,0,0,0
"Streptococcus n.sp. 27098_8_73",1,0,1,0,1,0,0,1,0,1,1,0,0,0,0,0,1,1,0,0,1,1,0,0,0,0,0,1,0,1,0,0,0,1,1,1,1,1,1,1,0,1,1,0,0,1,1,1,1,0,1,0,1,0,0,0,0,0,0,0,0,0,0,0,0,1,0,0,1,0,1,0,1,0,0,1,1,0,0,0,0,0
"Streptococcus gordonii 27098_8_101",1,0,1,0,1,0,0,1,0,1,1,0,0,0,0,0,1,1,0,0,1,1,1,0,0,0,0,1,0,1,0,0,0,1,1,1,1,1,1,1,0,1,1,0,0,1,1,1,1,0,1,0,0,0,0,0,0,0,0,0,0,1,0,1,0,1,1,0,1,0,1,1,1,0,0,1,1,0,0,0,0,0
"Streptococcus n.sp. 27098_8_75",1,0,1,0,0,0,0,1,0,1,1,0,0,0,0,0,1,1,0,0,1,1,1,0,0,0,0,1,0,1,0,0,0,1,1,1,1,1,1,1,0,1,1,0,0,1,1,1,1,0,1,0,0,0,0,0,0,0,0,0,0,1,0,1,0,1,1,0,1,0,1,1,1,0,0,1,1,0,0,0,0,0
"Streptococcus n.sp. 20925_1_44",1,0,1,0,1,0,0,0,0,1,1,0,0,0,0,0,0,1,0,0,1,1,0,0,0,0,0,1,0,0,0,0,0,1,1,1,1,1,1,1,0,1,1,0,0,1,0,1,1,0,1,0,0,0,0,0,0,0,0,0,0,0,0,0,0,0,0,0,1,0,1,1,1,0,0,1,1,0,0,0,0,0
"Streptococcus n.sp. 27098_8_22",1,0,1,0,1,0,0,0,0,1,1,0,0,0,0,0,1,1,0,0,1,1,0,0,0,0,0,1,0,0,0,0,0,1,1,1,1,1,1,1,0,1,1,0,0,1,0,1,1,0,1,0,0,0,0,0,0,0,0,0,0,0,0,0,0,0,0,0,1,0,1,1,1,0,0,1,1,0,0,0,0,0
"Streptococcus n.sp. 27098_8_69",1,0,1,0,0,0,0,1,0,1,1,0,0,0,0,0,1,1,0,0,1,1,0,0,0,0,0,1,0,1,0,0,0,1,1,1,1,1,1,1,0,1,1,0,0,1,1,1,1,0,1,0,0,0,0,0,0,0,0,0,0,0,0,0,0,0,0,0,1,0,1,1,1,0,0,1,1,0,0,0,0,0
"Streptococcus n.sp. 27098_8_91",1,0,1,0,0,0,0,1,0,1,1,0,0,0,0,0,1,1,0,0,1,1,0,0,0,0,0,1,0,1,0,0,0,1,1,1,1,1,1,1,0,1,1,0,0,1,1,1,1,0,1,0,0,0,0,0,0,0,0,0,0,0,0,0,0,0,0,0,1,0,1,1,1,0,0,1,1,0,0,0,0,0
"Streptococcus n.sp. 20925_1_24",1,0,1,0,0,0,0,1,0,1,1,0,0,0,0,0,1,1,0,0,1,1,1,0,0,0,0,1,0,0,0,0,0,1,1,1,1,1,1,1,0,1,1,0,0,1,1,1,1,0,1,0,0,0,0,0,0,0,0,0,0,0,0,0,0,0,1,0,1,0,1,1,1,0,0,1,1,0,0,0,0,0
"Streptococcus n.sp. 20925_1_69",1,0,1,0,0,0,0,1,0,1,1,0,0,0,0,0,1,1,0,0,1,1,1,0,0,0,0,1,0,0,0,0,0,1,1,1,1,1,1,1,0,1,1,0,0,1,1,1,1,0,1,0,0,0,0,0,0,0,0,0,0,0,0,0,0,0,1,0,1,0,1,1,1,0,0,1,1,0,0,0,0,0
"Streptococcus n.sp. 27098_8_103",1,0,1,0,1,0,0,1,0,1,1,0,0,0,0,0,1,1,0,0,1,1,1,0,0,0,0,1,0,0,0,0,0,1,1,1,1,1,1,1,0,1,1,0,0,1,1,1,1,0,1,0,0,0,0,0,0,0,0,0,0,0,0,0,0,0,0,0,1,0,1,1,1,1,0,1,1,0,0,0,0,0
"Streptococcus n.sp. 27098_8_109",1,0,1,0,0,0,0,1,0,1,1,0,0,0,0,0,1,1,0,0,1,1,1,0,0,0,0,1,0,0,0,0,0,1,1,1,1,1,1,1,0,1,1,0,0,1,1,1,1,0,1,0,0,0,0,0,0,0,0,0,0,0,0,0,0,0,0,0,1,0,1,1,1,0,0,1,1,0,0,0,0,0
"Streptococcus n.sp. 27098_8_76",1,0,1,0,0,0,0,1,0,0,0,0,0,0,0,0,1,1,0,0,0,1,1,0,0,0,0,1,0,0,0,0,0,1,1,1,1,1,1,1,0,1,1,0,0,1,1,1,1,0,1,0,0,0,0,0,0,0,0,0,0,0,0,0,0,0,1,0,1,0,1,1,1,0,0,1,1,0,0,0,0,0
"Streptococcus mitis 27098_8_87",1,0,1,0,1,0,0,1,0,1,1,0,0,0,0,0,1,1,0,0,1,1,1,0,0,0,0,1,0,0,0,0,0,1,1,1,1,1,1,1,0,1,1,0,0,1,1,1,1,0,1,0,0,0,0,0,0,0,0,0,0,0,0,0,0,0,0,0,1,0,1,1,1,0,0,1,1,0,0,0,0,0
"Streptococcus mitis 27098_8_93",1,0,1,0,0,0,0,1,0,1,1,0,0,0,0,0,1,1,0,0,1,1,1,0,0,0,0,1,0,0,0,0,0,1,1,1,1,1,1,1,0,1,1,0,0,1,1,1,1,0,1,0,0,0,0,0,0,0,0,0,0,0,0,0,0,0,0,0,1,0,1,1,1,0,0,1,1,0,0,0,0,0
"Streptococcus n.sp. 27098_8_23",0,0,1,0,1,0,0,1,0,1,1,0,0,0,0,0,1,1,0,0,1,1,1,0,0,0,0,1,0,0,0,0,0,1,1,1,1,1,1,1,0,1,1,0,0,1,1,1,1,0,1,0,0,0,0,0,0,0,0,0,0,0,0,0,0,0,1,0,1,0,1,1,1,0,0,1,1,0,0,0,0,0
"Streptococcus n.sp. 27098_8_51",1,0,1,0,0,0,0,1,0,1,1,0,0,0,0,0,1,1,0,0,1,1,1,0,0,0,0,1,0,0,0,0,0,1,1,1,1,1,1,1,0,1,1,0,0,1,1,1,1,0,1,0,0,0,0,0,0,0,0,0,0,0,0,0,0,0,1,0,1,0,1,1,1,0,0,1,1,0,0,0,0,0
"Streptococcus n.sp. 27098_8_70",1,0,1,0,0,0,0,1,0,1,1,0,0,0,0,0,1,1,0,0,1,1,1,0,0,0,0,1,0,0,0,0,0,1,1,1,1,1,1,1,0,1,1,0,0,1,1,1,1,0,1,0,0,0,0,0,0,0,0,0,0,0,0,0,0,0,1,0,1,0,1,1,1,0,0,1,1,0,0,0,0,0
"Streptococcus parasanguinis 20925_1_10",1,0,1,0,1,0,0,0,0,1,1,0,0,0,0,0,1,1,0,0,1,1,1,0,0,0,0,1,0,1,0,0,0,1,1,1,1,1,1,1,0,1,1,0,0,1,1,1,1,0,1,0,0,0,0,0,0,0,0,0,0,0,0,0,0,1,0,0,1,0,1,1,1,0,0,1,1,0,0,0,0,0
"Streptococcus n.sp. 20925_1_77",1,0,1,0,1,0,0,0,0,1,1,0,0,0,0,0,1,1,0,0,1,1,1,0,0,0,0,1,0,1,0,0,0,1,1,1,1,1,1,1,0,1,1,0,0,1,1,1,1,0,1,0,0,0,0,0,0,0,0,0,0,0,0,0,0,1,0,0,1,0,1,1,1,0,0,1,1,0,0,0,0,0
"Streptococcus n.sp. 27098_8_12",1,0,1,0,1,0,0,0,0,1,1,0,0,0,0,0,1,1,0,0,1,1,1,0,0,0,0,1,0,1,0,0,0,1,1,1,1,1,1,1,0,1,1,0,0,1,1,1,1,0,1,0,0,0,0,0,0,0,0,0,0,0,0,0,0,1,0,0,1,0,1,1,1,0,0,1,1,0,0,0,0,0
"Streptococcus parasanguinis 20925_1_143",1,0,1,0,0,0,0,0,0,1,1,0,0,0,0,0,1,1,0,0,1,1,1,0,0,0,0,1,0,1,0,0,0,1,1,1,1,1,1,1,0,1,1,0,0,1,1,1,1,0,1,0,0,0,0,0,0,0,0,0,0,0,0,0,0,1,0,0,1,0,1,1,1,0,0,1,1,0,0,0,0,0
"Streptococcus n.sp. 27098_8_148",1,0,1,0,1,0,0,0,0,1,1,0,0,0,0,0,1,1,0,0,1,1,1,0,0,0,0,1,0,1,0,0,0,1,1,1,1,1,1,1,0,1,1,0,0,1,1,1,1,0,1,0,0,0,0,0,0,0,0,0,0,0,0,0,0,1,0,0,1,0,1,1,1,0,0,1,1,0,0,0,0,0
"Streptococcus parasanguinis 27098_8_150",1,0,1,0,1,0,0,0,0,1,1,0,0,0,0,0,1,1,0,0,1,1,1,0,0,0,0,1,0,1,0,0,0,1,1,1,1,1,1,1,0,1,1,0,0,1,1,1,1,0,1,0,0,0,0,0,0,0,0,0,0,0,0,0,0,1,0,0,1,0,1,1,1,0,0,1,1,0,0,0,0,0
"Streptococcus n.sp. 27098_8_177",1,0,1,0,0,0,0,0,0,1,1,0,0,0,0,0,1,1,0,0,1,1,1,0,0,0,0,1,0,1,0,0,0,1,1,1,1,1,1,1,0,1,1,0,0,1,1,1,1,0,1,0,0,0,0,0,0,0,0,0,0,0,0,0,0,1,0,0,1,0,1,1,1,0,0,1,1,0,0,0,0,0
"Streptococcus n.sp. 27098_8_186",1,0,1,0,0,0,0,0,0,1,1,0,0,0,0,0,1,1,0,0,1,1,1,0,0,0,0,1,0,1,0,0,0,1,1,1,1,1,1,1,0,1,1,0,0,1,1,1,1,0,1,0,0,0,0,0,0,0,0,0,0,0,0,0,0,1,0,0,1,0,1,1,1,0,0,1,1,0,0,0,0,0
"Streptococcus parasanguinis 27098_8_46",1,0,1,0,1,0,0,0,0,1,1,0,0,0,0,0,1,1,0,0,1,1,1,0,0,0,0,1,0,1,0,0,0,1,1,1,1,1,1,1,0,1,1,0,0,1,1,1,1,0,1,0,0,0,0,0,0,0,0,0,0,0,0,0,0,1,0,0,1,0,1,1,1,0,0,1,1,0,0,0,0,0
"Streptococcus parasanguinis 27098_8_54",1,0,1,0,1,0,0,0,0,1,1,0,0,0,0,0,1,1,0,0,1,1,1,0,0,0,0,1,0,1,0,0,0,1,1,1,1,1,1,1,0,1,1,0,0,1,1,1,1,0,1,0,0,0,0,0,0,0,0,0,0,0,0,0,0,1,0,0,1,0,1,1,1,0,0,1,1,0,0,0,0,0
"Streptococcus n.sp. 27098_8_66",1,0,1,0,1,0,0,0,0,1,1,0,0,0,0,0,1,1,0,0,1,1,1,0,0,0,0,1,0,1,0,0,0,1,1,1,1,1,1,1,0,1,1,0,0,1,1,1,1,0,1,0,0,0,0,0,0,0,0,0,0,0,0,0,0,1,0,0,1,0,1,1,1,0,0,1,1,0,0,0,0,0
"Streptococcus n.sp. 27098_8_98",1,0,1,0,0,0,0,0,0,1,1,0,0,0,0,0,1,1,0,0,1,1,1,0,0,0,0,1,0,1,0,0,0,1,1,1,1,1,1,1,0,1,1,0,0,1,1,1,1,0,1,0,0,0,0,0,0,0,0,0,0,0,0,0,0,1,0,0,1,0,1,1,1,0,0,1,1,0,0,0,0,0
"Streptococcus n.sp. 27098_8_99",1,0,1,0,0,0,0,0,0,1,1,0,0,0,0,0,1,1,0,0,1,1,1,0,0,0,0,1,0,1,0,0,0,1,1,1,1,1,1,1,0,1,1,0,0,1,1,1,1,0,1,0,0,0,0,0,0,0,0,0,0,0,0,0,0,1,0,0,1,0,1,1,1,0,0,1,1,0,0,0,0,0
"Streptococcus anginosus 27098_8_173",1,0,1,0,1,0,0,0,0,1,1,0,0,0,0,0,1,1,0,0,1,1,0,0,0,0,0,1,1,1,0,0,0,1,1,1,1,1,1,1,0,1,1,0,0,1,1,1,1,0,1,0,1,0,0,0,0,0,0,0,0,1,0,1,0,0,0,0,1,0,1,1,1,0,0,1,1,0,0,0,0,0
"Streptococcus pseudopneumoniae 20925_1_26",1,0,1,0,0,0,0,1,0,0,0,0,0,0,0,0,1,1,0,0,0,1,1,0,0,0,0,1,0,0,0,0,0,1,1,1,1,1,1,1,0,1,1,0,0,1,1,1,1,0,1,0,0,0,0,0,0,0,0,0,0,0,0,0,0,0,1,0,1,0,1,1,1,0,0,1,1,0,0,0,0,0
"Streptococcus salivarius 20925_1_11",1,0,1,0,1,0,0,0,0,1,1,0,0,0,0,0,1,1,0,0,1,1,1,0,0,0,0,1,0,1,0,0,0,1,1,1,1,1,1,1,0,1,1,0,0,1,0,1,1,0,1,0,0,0,0,0,0,0,0,0,0,1,0,1,0,0,1,0,1,0,1,1,1,0,0,1,1,0,0,0,0,0
"Streptococcus salivarius 20925_1_13",1,0,1,0,1,0,0,0,0,1,1,0,0,0,0,0,1,1,0,0,1,1,1,0,0,0,0,1,0,1,0,0,0,1,1,1,1,1,1,1,0,1,1,0,0,1,0,1,1,0,1,0,0,0,0,0,0,0,0,0,0,1,0,1,0,0,1,0,1,0,1,1,1,0,0,1,1,0,0,0,0,0
"Streptococcus salivarius 27098_8_110",1,0,1,0,0,0,0,0,0,1,1,0,0,0,0,0,1,1,0,0,1,1,1,0,0,0,0,1,0,1,0,0,0,1,1,1,1,1,1,1,0,1,1,0,0,1,0,1,1,0,1,0,0,0,0,0,0,0,0,0,0,1,0,1,0,0,1,0,1,0,1,1,1,0,0,1,1,0,0,0,0,0
"Streptococcus salivarius 27098_8_117",1,0,1,0,1,0,0,0,0,1,1,0,0,0,0,0,1,1,0,0,1,1,1,0,0,0,0,1,0,1,0,0,0,1,1,1,1,1,1,1,0,1,1,0,0,1,0,1,1,0,1,0,0,0,0,0,0,0,0,0,0,1,0,1,0,0,1,0,1,0,1,1,1,0,0,1,1,0,0,0,0,0
"Streptococcus salivarius 27098_8_119",1,0,1,0,0,0,0,0,0,1,1,0,0,0,0,0,1,1,0,0,1,1,1,0,0,0,0,1,0,1,0,0,0,1,1,1,1,1,1,1,0,1,1,0,0,1,0,1,1,0,1,0,0,0,0,0,0,0,0,0,0,1,0,1,0,0,1,0,1,0,1,1,1,0,0,1,1,0,0,0,0,0
"Streptococcus salivarius 27098_8_152",1,0,1,0,0,0,0,0,0,1,1,0,0,0,0,0,1,1,0,0,1,1,1,0,0,0,0,1,0,1,0,0,0,1,1,1,1,1,1,1,0,1,1,0,0,1,0,1,1,0,1,0,0,0,0,0,0,0,0,0,0,1,0,1,0,0,1,0,1,0,1,1,1,0,0,1,1,0,0,0,0,0
"Streptococcus salivarius 27098_8_153",1,0,1,0,0,0,0,0,0,1,1,0,0,0,0,0,1,1,0,0,1,1,1,0,0,0,0,1,0,1,0,0,0,1,1,1,1,1,1,1,0,1,1,0,0,1,0,1,1,0,1,0,0,0,0,0,0,0,0,0,0,1,0,1,0,0,1,0,1,0,1,1,1,0,0,1,1,0,0,0,0,0
"Streptococcus salivarius 27098_8_162",1,0,1,0,0,0,0,1,0,1,1,0,0,0,0,0,1,1,0,0,1,1,1,0,0,0,0,1,0,1,0,0,0,1,1,1,1,1,1,1,0,1,1,0,0,1,1,1,1,0,1,0,0,0,0,0,0,0,0,0,0,1,0,1,0,0,1,0,1,0,1,1,1,0,0,1,1,0,0,0,0,0
"Streptococcus n.sp. 27098_8_74",1,0,1,0,1,0,0,0,0,1,1,0,0,0,0,0,1,1,0,0,1,0,1,0,0,0,0,1,0,1,0,0,0,1,1,1,1,1,1,1,0,1,1,0,0,1,0,1,1,0,1,0,0,0,0,0,0,0,0,0,0,1,0,1,0,0,1,0,1,0,1,1,1,0,0,1,1,0,0,0,0,0
"Streptococcus n.sp. 20925_1_22",1,0,1,0,0,0,0,1,0,1,1,0,0,0,0,0,1,1,0,0,1,1,0,0,0,0,0,1,0,1,0,0,0,1,1,1,1,1,1,1,0,1,1,0,0,1,1,1,1,0,1,0,0,0,0,0,0,0,0,0,0,1,0,1,0,1,1,0,1,0,1,1,1,0,0,1,1,0,0,0,0,0
"Streptococcus n.sp. 27098_8_134",1,0,1,0,0,0,0,1,0,1,1,0,0,0,0,0,1,1,0,0,1,1,1,0,0,0,0,1,0,1,0,0,0,1,1,1,1,1,1,1,0,1,1,0,0,1,1,1,1,0,1,0,0,0,0,0,0,0,0,0,0,1,0,1,0,1,1,0,1,0,1,1,1,0,0,1,1,0,0,0,0,0
"Streptococcus sanguinis 27098_8_181",1,0,1,0,0,0,0,1,0,1,1,0,0,0,0,0,1,1,0,0,1,1,1,0,0,0,0,1,0,1,0,0,0,1,1,1,1,1,1,1,0,1,1,0,0,1,1,1,1,0,1,0,0,0,0,0,0,0,0,0,0,1,0,1,0,1,1,0,1,0,1,1,1,0,0,1,1,0,1,0,0,0
"Streptococcus n.sp. 27098_8_82",1,0,1,0,0,0,0,1,0,1,1,0,0,0,0,0,1,1,0,0,1,1,1,0,0,0,0,1,0,1,0,0,0,1,1,1,1,1,1,1,0,1,1,0,0,1,1,1,1,0,1,0,0,0,0,0,0,0,0,0,0,1,0,1,0,1,1,0,1,0,1,1,1,0,0,1,1,0,0,0,0,0
"Veillonella atypica 20925_1_29",0,0,1,0,1,0,0,0,1,0,0,0,0,1,0,0,1,1,0,0,1,0,0,0,0,0,0,1,0,1,0,1,0,0,1,1,1,1,1,0,0,1,1,0,0,1,0,1,0,1,0,0,0,0,1,0,0,0,1,0,0,0,1,0,0,0,1,1,1,0,1,1,1,1,1,0,1,0,0,0,0,0
"Veillonella atypica 27098_8_102",0,0,1,0,1,0,0,0,1,0,0,0,0,1,0,0,1,1,0,0,1,0,0,0,0,0,0,1,0,1,0,1,0,0,1,1,1,1,1,0,0,1,1,0,0,1,0,1,0,1,0,0,0,0,1,0,0,0,1,0,0,0,1,0,0,0,1,1,1,0,1,1,1,1,1,0,1,0,0,0,0,0
"Veillonella atypica 27098_8_30",0,0,1,0,1,0,0,0,1,0,0,0,0,1,0,0,1,1,0,0,1,0,0,0,0,0,0,1,0,1,0,1,0,0,1,1,1,1,1,0,0,1,1,0,0,1,0,1,0,1,0,0,0,0,1,0,0,0,1,0,0,0,1,0,0,0,1,1,1,0,1,1,1,1,1,0,1,0,0,0,0,0
"Veillonella atypica 27098_8_52",0,0,1,0,1,0,0,0,1,0,0,0,0,1,0,0,1,1,0,0,1,0,0,0,0,0,0,1,0,1,0,1,0,0,1,1,1,1,1,0,0,1,1,0,0,1,0,1,0,1,0,0,0,0,1,0,0,0,1,0,0,0,1,0,0,0,1,1,1,0,1,1,1,1,1,0,1,0,0,0,0,0
"Veillonella n.sp. 27098_8_77",0,0,1,0,1,0,0,0,1,0,0,0,0,1,0,0,1,1,0,0,1,0,0,0,0,0,0,1,0,1,0,1,0,0,1,1,1,1,1,0,0,1,1,0,0,1,0,1,0,1,0,0,0,0,1,0,0,0,1,0,0,0,1,0,0,0,1,1,1,0,1,1,1,1,1,0,1,0,0,0,0,0
"Veillonella atypica 27098_8_79",0,0,1,0,1,0,0,0,1,0,0,0,0,1,0,0,1,1,0,0,1,0,0,0,0,0,0,1,0,1,0,1,0,0,1,1,1,1,1,0,0,1,1,0,0,1,0,1,0,1,0,0,0,0,1,0,0,0,1,0,0,0,1,1,0,0,1,1,1,0,1,1,1,1,1,0,1,0,0,0,0,0
"Veillonella atypica 27098_8_81",0,0,1,0,1,0,0,0,1,0,0,0,0,1,0,0,1,1,0,0,1,0,0,0,0,0,0,1,0,1,0,1,0,0,1,1,1,1,1,0,0,1,1,0,0,1,0,1,0,1,0,0,0,0,1,0,0,0,1,0,0,0,1,0,0,0,1,1,1,0,1,1,1,1,1,0,1,0,0,0,0,0
"Veillonella n.sp. 20925_1_51",0,0,1,0,1,0,0,0,1,0,0,0,0,1,0,0,1,1,0,0,1,0,0,0,0,0,0,1,0,1,0,1,0,0,1,1,1,1,1,0,0,1,1,0,0,1,0,1,0,1,0,0,0,0,1,0,0,0,1,0,0,0,1,0,0,0,1,1,1,0,1,1,1,1,1,0,1,0,0,0,0,0
"Veillonella infantium 27098_8_111",0,0,1,0,1,0,0,0,1,0,0,0,0,1,0,0,1,1,0,0,1,0,0,0,0,0,0,1,0,1,0,1,0,0,1,1,1,1,1,0,0,1,1,0,0,1,0,1,0,1,0,0,0,0,1,0,0,0,1,0,0,0,1,0,0,0,1,1,1,0,1,1,1,1,1,0,1,0,0,0,0,0
"Veillonella rogosae 27098_8_62",0,0,1,0,1,0,0,0,1,0,0,0,0,1,0,0,1,1,0,0,1,0,1,0,0,0,0,1,0,1,0,1,0,0,1,1,1,1,1,0,0,1,1,0,0,1,0,1,0,1,0,0,0,0,1,0,0,0,1,0,0,0,1,1,0,0,1,1,1,0,1,1,1,1,1,0,1,0,0,0,0,0
